id,supplier,city,route,public_evidence,evidence_class,status,urls,accessed
S01,Polyfit Fabricators,Chennai (Ambattur),"(b) bending, end forming, welding","CNC 5-axis tube bending 4.76–120 mm OD; flaring, swaging, beading, bulging; welding; prototyping",INFERRED (strong),"longlisted — RFQ required, sample required",https://polyfit.co.in/tube-bending/,2026-09-17
S02,Techno Tool Engineering / Saxeo Manufacturing / S.R.L Industries (IndiaMART category),Coimbatore,(b) bending,Directory listings for CNC/SS pipe and tube bending,UNVERIFIED,candidate — RFQ required (confirm thin-wall small-OD mandrel bending),https://m.indiamart.com/coimbatore/pipe-bending-services.html,2026-09-17
S03,Endee Infrastructure & Engineering,Coimbatore / Chennai / Bengaluru,"(b) clips, brackets","Laser cutting SS, CNC bending, TIG, finishing (sheet focus)",INFERRED,candidate — RFQ required,https://www.endee-engg.in/main.html,2026-09-17
S04,Ace Tech / AGP Steels (IndiaMART),Coimbatore,(b) tube laser,Pipe laser cutting listings,UNVERIFIED,candidate — RFQ required,https://m.indiamart.com/impcat/pipe-laser-cutting-service.html,2026-09-17
S05,Crystal PVD Technologies,Coimbatore,(b) finish,PVD on SS 304 incl. black and gunmetal; listed ₹300/sq ft,INFERRED,longlisted — sample required (immersion durability),https://www.crystalpvd.in/pvd-coating-service.html,2026-09-17
S06,Metallica,Chennai,(b) finish,PVD on SS for bath/kitchen fittings,INFERRED,candidate — sample required,https://www.metallica.works/,2026-09-17
S07,Sri Murugan Electro Polishing,Chennai (Korattur),(b) finish,Dedicated electropolishing business,INFERRED,candidate — RFQ required,https://www.electropolishing.org/,2026-09-17
S08,Sri Iyyappa Electropolishing,Chennai,(b) finish,Site title: SS electropolishing services (detail not retrievable),UNVERIFIED,candidate — RFQ required,https://www.sriiyyappaelectropolishing.com/stainless-steel-electropolishing-services-in-chennai/,2026-09-17
S09,Arunn Coats (IndiaMART),Coimbatore,(b) finish,SS electropolishing listed ₹120/kg,UNVERIFIED,candidate — RFQ required,https://m.indiamart.com/impcat/ss-electro-polishing-service.html,2026-09-17
S10,Bharat Metals,Chennai (Parrys),(b) tube stock,SS 304/316L tubes; cutting/bending/polishing; mill certificates,INFERRED,"candidate — RFQ required (small OD thin wall, BIS mark)",https://www.stainlesssteeldealers.com/,2026-09-17
S11,SGC Labs,Ambala,(a),Borosilicate 3.3; custom fabrication; skilled glassblowers; OEM; ISO 9001 claim,INFERRED (close),"longlisted — RFQ required, sample required",https://labsglass.com/,2026-09-17
S12,Jain Scientific Glass Works (JSGW),Ambala Cantt,(a),Since 1950; Boro 3.3 to ISO 3585; customised specifications,INFERRED,longlisted — RFQ required,https://www.jsgw.com/,2026-09-17
S13,Borosil Scientific OEM,Mumbai,(a) + tubing,"OEM/custom glassware, four plants; MOQ unpublished",INFERRED,candidate — RFQ required (likely high MOQ),https://www.borosilscientific.com/oem/,2026-09-17
S14,Ablaze Glass Works,Vadodara,(a),"Custom glassblowing, process equipment focus",INFERRED (weaker fit),candidate,https://www.ablazeglassworks.com/,2026-09-17
S15,Laboratory Scientific Glass Works (directory),Coimbatore,(a) prototypes,"""Manufacturers of industrial, scientific lab glasswares & servicing""",UNVERIFIED,"candidate — RFQ required, sample required",https://www.kovaipublishers.com/index/laboratory-scientific-glass-works/,2026-09-17
S16,J S Scientific Works (IndiaMART),Chennai,(a) prototypes,Lists scientific glass blowing,UNVERIFIED,candidate — RFQ required,https://m.indiamart.com/js-scientific-works-chennai/,2026-09-17
S17,Roots Polycraft,Coimbatore,(d),"ISO 9001, IATF 16949; 50–550 T; in-house tooling; ultrasonic welding",INFERRED,longlisted — RFQ required (post-freeze),https://www.rootspolycraft.com/,2026-09-17
S18,RK Poly Products,Coimbatore,(d),Injection moulding + tool development,INFERRED,candidate,https://www.rkpolyproducts.com/,2026-09-17
S19,Tooling Temple,Coimbatore,(d),"Mould making + moulding; acrylic, PC, nylon",INFERRED,candidate,https://toolingtemple.com/precision-moulds-and-components/plastic-injection-moulds-manufacturer-coimbatore/,2026-09-17
S20,Tekno Plastic Systems,Coimbatore (Annur),(c)/(d),Acrylic products since 1994 + moulded components,INFERRED (sheet),candidate,https://www.teknoacrylic.com/,2026-09-17
S21,Ashwin Plastic Industries (IndiaMART),Mumbai,(c) stock,Extruded PMMA tube 5–150 mm OD,INFERRED,candidate,https://m.indiamart.com/ashwin-plastic-industries/pmma-acrylic-tube.html,2026-09-17
S22,Bests Industrial and Trading,"Hefei, CN",(e),Sells SS and glass lily pipes with price/MOQ; trading company,CONFIRMED (sells product; not a factory),longlisted — sample required,https://aquatosun.en.made-in-china.com/,2026-09-17
S23,"Beijing Uuidear (store, Alibaba)","Beijing, CN",(e),"Glass, SS, metal jet pipes and skimmers; name indicates trading",CONFIRMED (sells); manufacturing UNVERIFIED,longlisted — sample required,https://uuidearaqua.com/collections/lily-pipe https://uu.en.alibaba.com/,2026-09-17
