id,brand,model,segment,material,included,config,dims,price,currency,source_url,stock,price_basis,evidence,observed
1,AquaPro,Lily Pipe with Skimmer 13mm,budget,acrylic/clear plastic,set with skimmer,skimmer intake 0.8mm slots,12/16 hose,1440,INR,https://www.aquazones.in/aquapro-lily-pipe-with-skimmer-13mm/,in stock (19),India GST+ship incl; 1yr warranty,R,2026-09-17
2,Generic,Glass Lilly Pipe SET 13/17/19,budget,clear glass (type n/s),in+out+4 suction cups,lily outflow,13/17/19mm,1999/1999/2199,INR,https://aquascaping.in/products/glass-lilly-pipe-set,in stock (45),India tax incl ship extra,R,2026-09-17
3,APS,Glass Lily Pipe In and Out Set 17mm,budget,glass,in+out+2 suction cups,lily outflow,17mm 16/22,1990,INR,https://www.aquazones.in/glass-lilly-pipe-in-and-out-set-17mm/,in stock (7),India GST+ship incl,R,2026-09-17
4,Aqua Club,Lily Pipe Set 13/17/19MM,budget,not verified,set,not found,13/17/19mm,1600/1750/1950,INR,https://www.aquaclubonline.com/category/aquarium-filters/lily-pipes/,in stock,India tax n/s,R,2026-09-17
5,House brand,Glass Lily Pipe with Surface Skimmer 13mm,budget-mid,quartz glass (claim),in+out+skimmer+4 cups,skimmer,13mm,2250 (reg 2750),INR,https://www.aquazones.in/glass-lily-pipe-with-surface-skimmer-13mm/,OOS,India GST+ship incl,R,2026-09-17
5b,House brand,Glass Lily Pipe with Surface Skimmer 13/17/19,budget-mid,glass,set+skimmer,skimmer,13/17/19mm,2750/2950/3250,INR,https://www.aquaclubonline.com/category/aquarium-filters/lily-pipes/,in stock,India,R,2026-09-17
6,ZRDR (Wyin),SS Lily Pipe 13mm/17mm,budget-mid,SS316 claimed,in+out+2 metal holders,360 outflow,12/16;16/22,1950/2100,INR,https://www.aquazones.in/zrdr-stainless-steel-lily-pipe-13mm/,in stock (1),India GST+ship incl,R,2026-09-17
7,ZRDR (Wyin),SS Lily Pipe with Surface Skimmer 13mm,mid,SS316 claimed,in(skimmer)+out+2 Al holders,skimmer,12/16,2790,INR,https://www.aquazones.in/stainless-steel-lily-pipe-with-surface-skimmer-13mm/,in stock (8),India GST+ship incl,R,2026-09-17
8,Mufan,SS Lily Pipe with Surface Skimmer,mid,SS316 (AZ/AC) vs SS304 (CAS) conflicting,in(skimmer)+out+2 acrylic holders,skimmer 360 outflow,12/16;16/22,2950/3250 (AC); 3150 (AZ 13mm); 2848 (CAS); 3999 (IA 17mm),INR,https://www.aquaclubonline.com/shop/aquarium-filters/lily-pipes/mufan-stainless-steel-lily-pipe-with-surface-skimmer/,mixed,India,R,2026-09-17
9,Aquatic Venturez,SS Skimmer InFlow-OutFlow AV-084-SSIOS12,mid-premium,SS304,in(skimmer)+out,skimmer,12/16 or 16/22; tanks 45-60cm high,5000/6000,INR,https://www.aquariumsindia.com/shop/filter-accessories-spares/inflow-outflow-pipes/aquatic-venturez-stainless-steel-skimmer-inflow-outflow-12-16mm/,in stock,India; no warranty; made in China,D/R,2026-09-17
10,Chihiros,Metal Jet Pipe set S/ML/L,mid,SS,in+out,jet swivel outflow,ML in H330xW85 17OD; out H245xW85 13OD,48.90/63.99/68.40,EUR,https://www.aquabota.com/gb/lily-pipe/14531-chihiros-metal-jet-lily-pipe-set-ml.html,ML unavailable,EU,R,2026-09-17
10b,Chihiros,Stainless Steel Metal Jet Pipe S/M/L,mid,SS,n/s,jet,S/M/L,3000/3800/4600,INR,https://www.aquariumsindia.com/product-tag/lily-pipe/,OOS,India,R,2026-09-17
11,Chihiros,Metal Inflow Outflow Pro (per piece),mid-premium,SS304 1.2mm wall,one pipe + clamp (glass<=12mm),jet,M Pro in 15x3x20.4cm out 15x3x14cm; L Pro in 15.5x4.5x20 out 15.5x4.5x14.5,2000-3500 per piece,INR,https://aquaclubonline.com/shop/aquarium-filters/lily-pipes/chihiros-metal-inflow-outflow-pro-metal-jet-pipe-pro/,OOS,India per piece,R,2026-09-17
11b,Chihiros,Metal Inflow Outflow Pro LARGE,mid-premium,SS304,clamp incl (piece/pair n/s),jet,glass<=12mm,6900 (reg 7500),INR,https://blooaquastudio.org/products/chihiros-metal-inflow-outflow-pro-metal-jet-pipe-pro-large,sold out,India,R,2026-09-17
12,Aquario,Neo Flow Normal V2,mid,PETG,in+out+holder set,360 outlet cuttable,M13/L17/L-M; glass<=12mm,2999/2999/3399,INR,https://aquascaping.in/products/aquario-neo-flow-lily-pipe-set-with-holders,in stock (13),India tax incl,R,2026-09-17
13,Aquario,Neo Flow Premium V2,mid-premium,PETG,in+out+skimmer+reliever+holders,skimmer+reliever,M13/L17/M-L,3999,INR,https://aquascaping.in/products/neo-flow-premium-includes-skimmer-reliever-holder,in stock (66),India tax incl,R,2026-09-17
13b,Aquario,Neo Flow Premium V2 L 17mm,mid-premium,PETG,same,same,pkg 53x14x7cm 0.42kg,4150,INR,https://www.aquazones.in/product/aquario-neo-flow-premium/,1 in stock,India GST+ship incl,R,2026-09-17
13c,Aquario,Neo Flow Premium,mid-premium,PETG,same,same,glass<=12mm,62.99,USD,https://buceplant.com/products/aquario-premium-neo-flow,n/s,US,R,2026-09-17
14,FZone,Glass Lily Pipe Inflow & Outflow Set (skimmer),mid,borosilicate + acrylic skimmer,in(skimmer)+out+4 cups+brushes,skimmer,13/17/20mm,39/42/39,USD,https://fzaqua.com/products/fzone-glass-lily-pipe-set,n/s,US,M,2026-09-17
14b,FZone,Glass Lily Pipe In/Out Set with Surface Skimmer 13mm,mid,glass,in(skimmer)+out+brush,skimmer,13mm,3600 (reg 4000),INR,https://backwateraquatics.com/product/fzone-aquatic-glass-lily-pipe-inflow-outflow-set-with-surface-skimmer-13mm/,in stock (3),India,R,2026-09-17
15,ADA,Lily Pipe P-2 13mm (outflow),premium,glass handmade,single piece,lily,H180 W145 bell 40,99.90,EUR,https://www.aquasabi.com/ADA-Lily-Pipe-P-Outflow-P2-13-mm,in stock (2),EU,R,2026-09-17
15b,ADA,Lily Pipe P-6 17mm (outflow),premium,glass,single,lily,H180 W170 bell 60,124,EUR,https://www.aquasabi.com/ADA-Lily-Pipe-P-Outflow-P6-17-mm,in stock (4),EU,R,2026-09-17
15c,ADA,New Lily Pipe V-3/V-5/V-7 (inflow),premium,glass,single,slotted inflow,V3 H230/35; V5 H300/45; V7 17mm H300/45,109/124/149,EUR,https://www.aquasabi.com/ADA-New-Lily-Pipe-V-Inflow-V7-17-mm,in stock (6),EU,R,2026-09-17
15d,ADA,Lily Pipe Outflow P-6 13mm,premium,glass handmade,single,lily,13mm bell 60 for 120cm tank,14500 (reg 16390),INR,https://aquariumproductsindia.in/products/ada-lily-pipe-outflow-p6-13-dia,3 left,India tax incl,R,2026-09-17
16,Aqua Rebell,Glass Lily Pipe OF4 17mm,budget-branded,borosilicate,outflow+2 suction cups,lily,H180 W165 spacing 50 immersion 100,26.90 (reg 29.90),EUR,https://www.aquasabi.com/Aqua-Rebell-Glass-Lily-Pipe-OF4-17-mm,in stock,EU,R,2026-09-17
17,Aqua Worx,Flux SS Lily Pipes with Skimmer,mid,SS surgical-grade (n/s),in(skimmer)+out+cups+clips,skimmer flow gate,13OD/17OD,52.99/57.99,USD,https://buceplant.com/products/aqua-worx-flux-stainless-steel-lily-pipes-with-skimmer,n/s,US,R,2026-09-17
18,Green Leaf Aquariums,SS Lily Pipe Set 17mm oil-removal inlet,mid,SS (n/s),in(skimmer)+out+metal brackets,skimmer swivel,in 340mm out 250mm,52.99,USD,https://greenleafaquariums.com/products/stainless-steel-aquarium-inflow-outflow-lily-pipe-set-17mm-oil-removal-inlet.html,in stock,US,R,2026-09-17
19,Cal Aqua Labs,Influx X1/Efflux F1 13mm,premium,borosilicate hand-blown,in+out,slit inflow funnel outflow,13mm 1/2in hose 15-25cm,not found,USD,https://greenleafaquariums.com/products/cal-aqua-labs-influx-x1-f1-13mm-glass-inflow-outflow-lily-pipe-set.html,in stock,US,R,2026-09-17
20,EHEIM,Installation Kit 1 (400430),stock,plastic (n/s),suction-side pipework,strainer,12/16 or 16/22,18.85/20.85,EUR,https://www.aquaristikshop.com/aquaristic/EHEIM-Installation-Kit-1/400430/,in stock,EU,R,2026-09-17
