filter,rated_flow_as_published,hose_id_od_mm,pipe_size_stated,evidence,source_urls,notes,accessed
Eheim classic 150,300 l/h,9/12 & 12/16,10 & 13 mm,[R→M],https://www.aquasabi.com/EHEIM-classic-250,,2026-09-17
Eheim classic 250 (2213),440 l/h,12/16,13 mm,[R→M],(same as row above),8 W,2026-09-17
Eheim classic 350 (2215),620 l/h,12/16,13 mm,[R→M],https://www.aquasabi.com/EHEIM-classic-350,15 W,2026-09-17
Eheim classic 600 (2217),1000 l/h,16/22,17 mm,[R→M],(same as row above),20 W,2026-09-17
Eheim professionel 4+ 250/350/600,950 / 1050 / 1250 l/h,16/22 (all),17 mm,[R→M],https://www.aquasabi.com/EHEIM-professionel-4-350,,2026-09-17
Eheim professionel 5e (page fetched gave 550 data),"~1700 l/h pump, Hmax 2.4 m",16.0/22.0 (suction side),—,[M],https://eheim.com/en_GB/aquatics/technology/external-filters/professionel-5e/professionel-5e-450,"Fetch returned ""5e 550"" values from the 450 URL. Verify per variant. Max installation height 180 cm",2026-09-17
Oase BioMaster / Thermo 250/350/600/850 (and BioMaster² ),900 / 1100 / 1250 / 1550 l/h max; Hmax 1.3/1.4/1.8/2.2 m,16/22,"connector ""17 mm""",[M],https://us.oase.com/blogs/upgrading-equipment/upgrading-tubing-and-glassware ; manual https://www.aquasabi.de/cdn/oase/Oase_BioMaster2_und_Oase_BioMaster2_Thermo_-250-350-600-850-01_bedienungsanleitung_DE_EN.pdf,"US tubing listed as ""5/8 in. ID"" https://us.oase.com/products/oase-tubing-for-biomaster-250-350-600-13-ft",2026-09-17
Oase FiltoSmart 60,—,9/12,10 mm,[M],Oase upgrading blog (above),,2026-09-17
Oase FiltoSmart (Thermo) 100,"600 l/h, Hmax 1.1 m",12/16,13 mm,[M]/[R],https://www.aquasabi.com/Oase-FiltoSmart-Thermo-100,,2026-09-17
Oase FiltoSmart (Thermo) 200 / 300,"800 / 1000 l/h, Hmax 1.0 / 1.3 m",16/22,17 mm,[M]/[R],(same as row above),,2026-09-17
Sunsun HW-302 / 303 / 402B / 403B,HW-302 1000 l/h [R],"16/22 (set sold ""for HW-302, 303, 402B, 403B"")",—,[R],https://www.wiltec.de/en/spare-part-sunsun-hw-302-external-aquarium-filter-hose-set-16-22mm/50197-18 ; https://www.wiltec.de/en/sunsun-hw-302-aquarium-external-canister-18-w-1000-l-h-3-stage-filter-filter-material-included/50197,Sunsun manual on manuals.plus has no hose diameters,2026-09-17
Sunsun HW-304 / 404B,"HW-304 2000 l/h, Hmax 2.5 m, 55 W [R]","19/27 (Teichtip) vs 19/25 (OzMarket, ""HW-304/704/3000"")","connection ""20 mm and 25 mm"" [R]",[R],https://www.teichtip.de/en/spare-part-sunsun-hw-304-external-aquarium-filter-hose-set-19-27mm/50193-18 ; https://ozmarket.evpets.com.au/products/copy-of-2pcs-sunsun-genuine-water-hoses-for-hw-302-303-702-703-external-canister-filter ; https://www.wiltec.de/en/sunsun-hw-304-aquarium-external-canister-55-w-2000-l-h-4-stage-filter-filter-material-included/50193,Retailers conflict on the OD,2026-09-17
Sunsun HW-603B (and 602 by inference),—,12 mm ID (OD not stated),—,[R],https://www.wiltec.de/en/sunsun-spare-part-aquarium-external-filter-hw-603b-2x-12mm-hose-1.5m/50357-14,602 not confirmed,2026-09-17
Sunsun HW-704 / HW-3000,—,19/25,—,[R],OzMarket (above),Not confirmed by the maker,2026-09-17
JBL CristalProfi e402 greenline,450 l/h,12/16,—,[M] manual,https://www.manualslib.com/manual/1725229/Jbl-Cristal-Profi-E402-Greenline.html?page=25,4 W,2026-09-17
JBL e702 greenline,700 l/h,12/16,—,[M],(same as row above),9 W,2026-09-17
JBL e902 greenline,900 l/h,12/16,—,[M],same; https://jbl.de/en/products/detail/8026/jbl-cristalprofi-e902-greenline?country=in,"11 W. JBL: height difference between water surface and filter bottom ""must not exceed 180 cm""",2026-09-17
JBL e1502 greenline,1400 l/h,16/22,—,[M],manual (above),20 W,2026-09-17
JBL e1902 greenline,1900 l/h,19/25,—,[M],manual (above),36 W,2026-09-17
"Fluval 105/205, 106/206, 107/207","107: pump 550 LPH / ""filter circulation"" 360 LPH, Hmax 1.45 m","ribbed hose ""14.5 mm"" (ID/OD not stated)",—,[M],https://fluvalaquatics.com/us/shop/product/ribbed-hosing-for-105-205-106-206-107-207-canister-filter-8-5-ft-2-5-m-l-x-14-5-mm ; https://fluvalaquatics.com/us/shop/product/107-canister-filter-10-30,"A forum user says the 107 ""came 16/22mm from the factory"" [F] https://forum.aquariumcoop.com/topic/23047-lily-pipe-sizes-and-flow-rates/ — conflicts with Fluval's 14.5 mm; unresolved",2026-09-17
"Fluval 305/405, 306/406, 307/407","307: pump 1150 LPH / circulation 780 LPH, Hmax 1.75 m","ribbed hose ""17 mm"" (ID/OD not stated)",—,[M],https://fluvalaquatics.com/us/shop/product/ribbed-hosing-for-305-405-306-406-307-407-canister-filter-9-8-ft-3-m-l-x-17-mm ; https://fluvalaquatics.com/us/shop/product/307-canister-filter-40-70-us-gal-90-330-l,"Aqua Discus India resells it as ""17mm hose diameter"" [R]",2026-09-17
Fluval FX4 / FX6,"FX6: pump 3500 LPH / circulation 2130 LPH, Hmax 3.3 m","""1 in (25 mm)"" hoses [F]. Fluval does not give a diameter",—,[M] flow / [F] hose,https://fluvalaquatics.com/us/shop/product/fx6-canister-filter-up-to-400-us-gal-1500-l ; https://www.ukaps.org/forum/threads/fluval-fx6-pipe-to-big.37548/,"Matching lily pipes are ""difficult to source"" [F]",2026-09-17
Tetra EX 400/600/800 Plus,—,12/16,13 mm,[R],https://greenaqua.hu/en/tetratec-hose-13mm-3m.html,,2026-09-17
Tetra EX 1200 (Plus),—,16/22,17 mm,[R],https://greenaqua.hu/en/tetratec-tube-16mm-3m.html,A silicone 16/22 spare is sold [R] https://www.aquariumline.com/catalog/tetra-spare-part-silicone-hose-diameter-1622-meters-external-filter-ex1200-p-7530.html,2026-09-17
Dennerle Scaper's Flow (hang-on),"max 450 l/h, 5.6 W",12/16,13 mm,[R→M],https://www.aquasabi.com/Dennerle-Scapers-Flow-Hangon-Filter,Max glass thickness 10 mm,2026-09-17
Chihiros hose / glassware,—,"12/16 (M) and 16/22 (L). A ""Filter Hose Pro 16/22 (17 mm)"" is sold","M = 13 mm, L = 17 mm",[R],https://www.aquasabi.com/Chihiros-Lily-Type-Glass-Outflow ; https://aquabynature-shop.com/home/1646-chihiros-filter-hose-pro-1622-17-mm.html,Chihiros does not make its own canister in this dataset,2026-09-17
Resun EF-2800U,"listed 2800 l/h (""740 GPH"")",listed inlet 22 mm / outlet 19 mm; measured 25 mm inlet hose,—,[F],https://www.monsterfishkeepers.com/forums/threads/resun-ef-2800u-740gph-canister-filter-review-and-test.373696/,Other EF models: no data found,2026-09-17
Hygger canisters,—,not found,—,—,—,Needs a physical check,2026-09-17
Aqueon QuietFlow canister,—,not found (retail pages give no diameter),—,—,https://www.thatpetplace.com/aqueon-quietflow-canister-filter-100-150-gal,Needs a manual or physical check,2026-09-17
